EmployeeID,Division,Attrition,ReasonForLeaving,JobSatisfaction,CustomerComplaints,ProductivityScore,WorkloadScore,MoraleScore
1,Product Development,No,,3,2,49.30657997646175,31.869777642509863,67.97831194529287
2,Finance,No,,1,3,83.43958990336819,33.569763752846825,71.87240024108131
3,Sales,No,,5,4,58.41809174751665,48.69160124993123,55.47364734784176
4,Customer Service,No,,3,0,46.194270189540944,71.06910018451268,61.7233600620363
5,Product Development,No,,2,2,70.01499555570295,22.82926609368593,68.02262307446749
6,Product Development,No,,3,3,87.7420082580761,57.00217889235063,63.29952256077038
7,Product Development,No,,3,5,55.5159437737197,43.22284587614058,41.37910564231368
8,HR,No,,2,3,93.9855193659224,46.64505040971657,69.82726959911422
9,Customer Service,No,,4,5,79.85110815746012,40.623011134559874,65.22881314713736
10,Sales,No,,4,5,72.35139283548814,36.325612085130956,65.93948740206807
11,Product Development,No,,1,3,63.46563615641331,51.25637238672321,48.0784927234664
12,Finance,No,,1,2,64.51153972307785,52.628034864696694,61.523899347021725
13,HR,No,,4,2,76.45250843126335,56.68340058719291,68.43345233404628
14,Product Development,Yes,Low Salary,4,2,82.69061287778592,33.1475629389181,45.463607490640165
15,Product Development,No,,3,3,61.097556735218674,58.73972333478088,53.79455450155616
16,Product Development,No,,5,1,57.90230009072848,58.91807554255184,68.60479121067596
17,Product Development,No,,3,3,66.79259772367199,54.24493686431472,53.32897375229338
18,Customer Service,No,,4,1,90.90443013786017,45.79038382931539,57.9149112245446
19,Customer Service,No,,1,0,51.74667489495299,53.084308671889445,49.65381340892755
20,Product Development,Yes,Poor Management,1,5,87.13716467114158,48.39550943189678,68.57683324475065
21,Customer Service,No,,5,2,70.63419747389699,59.68516329985006,65.2062276516856
22,Product Development,No,,1,3,45.208912852620784,46.33455702073217,57.44605023293833
23,Product Development,No,,4,3,63.07551397651477,51.08024430076668,55.576248094677965
24,Product Development,No,,5,6,79.1450210941041,32.61677995028859,47.71635376852613
25,Customer Service,No,,3,4,97.02720917561142,53.052997891902216,58.89899908771924
26,Sales,No,,1,5,50.089409149276484,42.50445549095263,66.65058081190047
27,Product Development,No,,2,3,27.712352859171133,55.12466217360569,51.90185902723266
28,Customer Service,No,,1,2,50.35670776813095,57.884248952478345,61.055411212963826
29,Customer Service,No,,3,3,86.95623261799759,43.900270579053476,56.32618225350979
30,Product Development,No,,5,5,43.0938743939737,50.31188302467717,73.80115929575499
31,Customer Service,Yes,Low Salary,2,1,92.4588083631908,51.74494911353258,45.617046285785456
32,Product Development,No,,2,2,88.2221342164288,53.68063731933321,67.7715587443683
33,Product Development,No,,4,4,72.86554363094137,57.89857825643916,73.94022595943368
34,Finance,Yes,Personal Reasons,1,2,60.60452034479458,56.59011176363463,45.10068824086301
35,Finance,Yes,Poor Management,4,3,70.82890938725714,46.20109692751867,48.68420386905184
36,HR,No,,4,5,79.16631028210153,65.98321929154105,69.22702318524627
37,Product Development,No,,3,3,76.87714697087948,57.51987476120801,42.18776085598158
38,Product Development,No,,5,1,96.09489059905158,64.05144392252026,64.30594639102652
39,Customer Service,Yes,Low Salary,3,3,66.09846325260254,53.46706723371919,38.02911829562952
40,Customer Service,No,,5,1,50.48735539565503,54.05805455278541,72.2241166516633
41,Product Development,No,,2,2,47.84078939301813,48.828089485954564,57.47903655541665
42,Customer Service,No,,2,2,44.840630979112746,45.56225521562305,59.0922190925773
43,Product Development,No,,1,1,72.94418383803409,59.75338181104369,52.7575079064232
44,Finance,No,,1,1,66.48446948916315,52.64590624581416,44.17292736727788
45,Product Development,No,,2,2,70.48981904341407,48.68436154486605,72.6586043763205
46,Customer Service,No,,5,7,61.94410688790725,39.77375014128597,58.28942491640707
47,Product Development,No,,2,3,53.34749711915984,65.55115537708119,92.08768606708028
48,Customer Service,Yes,Poor Management,1,3,79.21503826941179,51.1262543463257,38.246273858340366
49,Customer Service,No,,2,3,33.05404150230623,37.73277422781449,53.53305873417401
50,Product Development,Yes,Low Salary,1,4,57.976066483693955,50.81422465824523,40.364442638109225
51,Finance,No,,5,1,81.79735239952586,47.99079562199438,58.23839440795313
52,Sales,No,,4,4,56.487423599454445,47.58053599854851,75.75217907784426
53,Finance,No,,1,2,75.87513129697746,55.76259801971366,70.10137336773684
54,HR,No,,5,2,57.99611356695303,48.004604785697644,44.95446166415401
55,Customer Service,No,,2,0,63.16232689254569,46.94500947919508,72.04120075797186
56,Finance,No,,2,1,78.62380773707197,63.62404736938859,66.82791286121127
57,Product Development,No,,4,2,50.83227524405301,32.60433024738019,64.81387826651823
58,Product Development,No,,1,2,81.17917495114519,49.486176921057236,53.15759166559572
59,Product Development,No,,1,5,70.68880738671649,59.288518606588134,53.900897013725846
60,Product Development,No,,3,4,88.84658301068545,56.26932448892467,61.37067233225601
61,Product Development,No,,1,2,73.12224957470109,60.200485932766185,54.46837337971723
62,Product Development,No,,4,2,53.95770069280979,70.21571879884004,73.12631984089134
63,HR,No,,3,3,95.91991632911854,66.98951743891992,54.04044323874341
64,Product Development,No,,3,5,55.210855827967634,38.44465286117125,40.53235627171715
65,Product Development,No,,2,1,66.59265873799086,33.892965838925036,46.98543056637119
66,Customer Service,No,,2,2,84.3611339044266,53.26852406698515,47.620366271751344
67,Product Development,No,,1,3,41.80108337974542,36.45882318442379,57.366519263766726
68,HR,Yes,Low Salary,2,0,91.5950347017081,30.735306798049237,50.04011499878097
69,Product Development,No,,2,2,52.736735615105296,53.16242857861586,60.538004366752915
70,Finance,No,,4,5,63.175008702436415,55.67045325485233,64.6090899769202
71,Sales,No,,2,2,74.33286856296513,67.11140645549014,57.477199759493196
72,Product Development,No,,2,3,69.37441215871898,57.68431069990423,57.83093005259364
73,Product Development,Yes,Low Salary,2,2,81.83764087675681,69.19560085969644,64.09887855594725
74,HR,Yes,Lack of Growth,2,0,45.98788643543424,53.55554185335978,62.41523228310824
75,Sales,No,,5,7,80.91177030659075,38.63729761320643,64.08300481904564
76,Sales,No,,4,5,82.10863581660296,58.22187056171624,69.16670475677228
77,Sales,No,,3,0,85.4383874386884,63.34313099519821,40.737848345063014
78,Product Development,No,,1,3,46.155088420503844,53.91084397911572,51.774613810845594
79,Product Development,No,,4,8,47.96597149256466,64.50550465355741,55.6779648599453
80,Product Development,No,,4,4,64.86436525512232,48.767492869638225,51.89234037980996
81,HR,No,,3,3,49.587613280459486,55.458991171153244,44.542626911914724
82,Customer Service,Yes,Low Salary,3,2,42.94048150878244,48.25667918658131,51.59483418598314
83,Product Development,No,,3,4,64.21803914168251,73.79043591397104,73.85747759284621
84,Product Development,No,,2,5,73.51137042186647,58.41260686327212,59.871902770006436
85,Product Development,No,,5,3,111.9846929544199,38.83294869148793,66.48182045633986
86,Product Development,No,,2,0,78.23012731068536,68.5259746847462,59.57466046012436
87,Sales,No,,3,2,96.28404999849728,42.66820241642612,55.58361190323261
88,Customer Service,Yes,Poor Management,2,4,69.33773370439634,50.136959595665395,58.94610979944199
89,HR,No,,2,5,78.3934898930094,54.6830079582566,45.71809059192426
90,Customer Service,No,,1,2,67.80793456700837,55.49991974843654,41.36597254054434
91,Product Development,No,,1,3,110.24684825075335,54.83722223488398,45.577001780895785
92,Sales,No,,1,1,59.71613704706413,38.66954494660546,68.53587978276089
93,Sales,No,,3,4,61.75038549800214,54.8703463516211,60.872111068860875
94,Customer Service,No,,4,5,81.94811031484306,61.006459371357025,63.76537979246787
95,Sales,No,,3,2,73.11209355458989,60.71864029994158,76.76922993457549
96,Customer Service,Yes,Poor Management,3,4,63.63756994784326,36.98187406547962,41.13911555175145
97,Customer Service,No,,2,5,84.40565723107235,43.44347118518972,72.04170369163867
98,Customer Service,No,,5,2,69.38279252903317,39.5547835379912,56.03675585851371
99,Product Development,No,,4,2,69.27704908828917,53.39812992000449,54.51639124753262
100,Product Development,No,,1,6,73.45873461293337,34.48352217552439,60.812203772516035
101,Product Development,Yes,Lack of Growth,2,0,43.98818965731492,38.77257227718532,54.00080086878922
102,Customer Service,No,,2,3,46.10119012315846,43.34865010348769,57.8945786042676
103,Product Development,No,,1,3,86.30343418880211,32.032098877692775,66.10314301061632
104,Customer Service,No,,2,4,59.84557493623743,49.72200896140903,60.85243076811077
105,Finance,No,,5,10,68.00572977685457,28.935047609919046,58.006683832475396
106,Product Development,Yes,Workload,2,5,94.1865795418439,54.85344769543533,45.93365423164558
107,Customer Service,No,,3,4,68.68198816105622,46.02978361331127,62.383464657176496
108,Sales,No,,5,3,66.84866778839259,43.76016792763558,46.43342172553895
109,Product Development,No,,3,1,83.44116384242935,45.39251378430742,49.25536170020012
110,Product Development,Yes,Personal Reasons,3,2,61.02602625170711,49.396139077046186,48.156643786315485
111,Product Development,No,,2,4,88.0439384392306,55.928661827431156,65.44875059689589
112,Product Development,No,,1,4,83.1333687915472,63.170972735971176,81.42850123724857
113,Finance,No,,5,2,97.45499792962505,60.139058152149545,58.40674364116397
114,HR,No,,4,1,59.64485435084201,72.31688322776617,42.25768708664237
115,Customer Service,No,,1,2,90.5046196930362,56.752972093774495,52.097524903677005
116,HR,No,,1,2,78.3113816050589,51.403151023739326,66.5889184959223
117,HR,Yes,Workload,4,1,50.119504244874676,45.42968180668371,41.94190199701154
118,Product Development,No,,4,3,31.05735363333016,45.76201043057469,46.94254742121556
119,HR,No,,1,1,58.02959676857006,55.39038026565922,66.53668901614078
120,Customer Service,Yes,Lack of Growth,1,1,74.38521711018629,40.00555858221796,56.27487229644147
121,HR,No,,4,4,76.56021898911712,52.28976139191936,45.274592572432034
122,HR,No,,3,4,69.11378402072403,49.81135104196115,51.05006654544319
123,Product Development,No,,1,3,69.24805951115451,42.719029434977124,72.44670176817495
124,Product Development,No,,2,2,68.11009749849715,39.488097070338185,68.52844270094342
125,Product Development,No,,4,4,85.46825700607536,75.24717501731841,48.02628484198822
126,Customer Service,No,,1,4,48.45565452575393,36.03428833781709,40.11110645088215
127,HR,Yes,Poor Management,4,5,74.02434786301417,49.32241435653384,56.45677937003767
128,HR,No,,2,4,57.65873086205438,62.225838081572064,57.039320047612705
129,Product Development,No,,1,1,56.40188402413848,55.29056864928278,61.81741896727072
130,Customer Service,No,,2,2,87.64345845860254,45.26464444044339,66.34661943843938
131,Customer Service,No,,2,1,55.25105384620086,38.07852864454662,50.437305826039776
132,Product Development,No,,3,1,67.90722649150207,51.29786443259524,55.67854473414101
133,Product Development,Yes,Workload,1,4,99.37747602818492,23.60484750865119,45.162988690819496
134,Product Development,No,,3,2,82.57115452122513,51.69867060395868,51.36764967019509
135,Finance,No,,4,2,63.17544530559433,50.348265868945404,65.6475919332443
136,Product Development,Yes,Lack of Growth,2,3,64.41440412391178,60.70121928526599,55.97572541653111
137,Customer Service,No,,5,0,51.591956520125606,38.56660256915568,44.370582298892636
138,Sales,No,,1,2,89.50967863399077,46.76528600153934,67.25103641916512
139,Product Development,No,,4,1,85.17027711881602,54.36901646837518,56.499299254218
140,Finance,No,,4,1,80.29903410804671,52.05567758703562,67.71165406827922
141,Finance,No,,5,6,81.95249417213708,36.573535030895805,49.852619540537624
142,Product Development,No,,3,1,58.38213085903865,43.524982696161175,50.7431198130237
143,Customer Service,No,,1,2,46.78131335896224,63.999115602313935,62.51712298106668
144,Product Development,No,,3,5,78.40810637955714,52.59326385291116,49.03539911830325
145,Product Development,No,,2,2,83.32836810432092,33.35883852022771,57.251188292582334
146,Product Development,No,,3,0,94.10570024690443,58.832321466773365,47.89926537640726
147,Customer Service,No,,4,4,66.98664690589857,34.007352739472196,56.0863026692835
148,Customer Service,No,,1,5,64.79873082129521,46.92979502387249,59.681457681951024
149,Product Development,No,,3,3,66.41109692995816,55.63276554576478,60.15257934900759
150,Product Development,No,,1,6,80.06115738149332,62.13705880018736,56.352527287336514
151,Finance,No,,1,1,65.76866075987131,26.62075762339201,63.333503003181384
152,Product Development,No,,2,1,69.2164136985499,57.115901074706976,61.477990455120384
153,Product Development,No,,2,2,82.4657933685843,58.61724640050467,59.106333362631965
154,Customer Service,No,,4,2,60.612457671493964,44.4298453184187,53.74149467288896
155,Finance,No,,5,4,90.86730978132645,50.9090908943435,70.68243749578508
156,Product Development,No,,1,0,79.49633510989864,19.48028272658656,63.86287208232594
157,Customer Service,Yes,Low Salary,4,1,42.13569055989527,22.520196851920883,43.52934875073668
158,Sales,No,,4,4,62.269687052074524,61.085327200082546,66.48883875690493
159,Product Development,No,,1,1,39.634847526908366,44.61104771014031,68.75493636952676
160,Sales,Yes,Poor Management,1,3,67.049809025698,46.53787768497861,50.74728148572204
161,Product Development,No,,5,4,62.525333438191964,52.346764036940264,59.84912673925394
162,Customer Service,Yes,Poor Management,2,6,82.52282138800282,46.34067789223128,28.4725751483373
163,Customer Service,No,,2,2,56.78472476566999,45.41307866463051,51.56558923343275
164,Customer Service,No,,3,2,75.81602502901735,53.94489061910049,68.43694416352653
165,Product Development,Yes,Workload,4,3,78.5327141420265,35.04463742320612,45.29229874588051
166,HR,No,,2,4,73.85792278342021,61.59917651860593,58.40158077818625
167,Product Development,No,,3,3,87.10185372658793,47.697499751256466,51.41379869934234
168,Product Development,No,,2,3,101.02433276262813,39.94341499259127,62.308155848317305
169,Product Development,Yes,Poor Management,1,3,71.67912914048601,38.59790315477668,50.05733709140254
170,Customer Service,No,,3,2,76.07769275335552,50.42651886455323,64.20474661735183
171,Customer Service,No,,2,5,56.79584569251834,46.93642290221623,48.60639040393299
172,Product Development,No,,2,2,54.70714878965136,34.5115992548124,61.067021068365534
173,Customer Service,No,,2,1,85.50744475499093,43.981648946218634,75.7656976132189
174,Product Development,No,,3,3,83.52288259155037,41.908009971171836,67.48488738484662
175,Customer Service,No,,4,4,54.555701887431056,62.618565365208696,60.93331236091089
176,Product Development,No,,3,2,50.376691862357916,51.30452414971742,40.690256581289596
177,Customer Service,No,,5,2,60.26894792979115,65.69339428370559,57.506435218902055
178,Product Development,Yes,Poor Management,2,2,67.87933045848834,42.90025775632742,63.3798314940816
179,Finance,No,,2,3,63.86310387275134,47.0886811125597,73.18606836013099
180,Product Development,No,,1,1,72.4077230249838,53.86553225235714,64.61418324786462
181,Product Development,No,,3,2,83.75593768558909,56.04132610574034,52.806695879052114
182,Product Development,No,,3,0,76.93156568132407,57.20991072452966,60.522789824454506
183,Finance,No,,2,2,78.04181496526185,41.12190447566524,67.73480833385526
184,HR,No,,1,2,33.226954083866836,41.40320863009405,69.40539193629265
185,Product Development,Yes,Poor Management,1,2,45.79145469821376,46.445797285128236,52.920931928366656
186,Customer Service,No,,5,4,58.05314788530914,64.80906864085597,68.5503968271765
187,HR,No,,3,2,60.529095277607404,39.99316816568464,59.41307420337161
188,Customer Service,Yes,Poor Management,1,3,82.5974175240885,44.730749938433455,46.728835060959746
189,Customer Service,No,,1,2,56.81647852797803,57.298579144231866,55.410849782279975
190,Product Development,No,,4,5,80.00391492036053,56.7635426474882,64.24536832368331
191,Product Development,Yes,Low Salary,3,0,58.22341391790553,55.55418367817919,61.34011747535064
192,HR,No,,1,4,51.98673568910777,50.808435807793025,67.08443870735485
193,Finance,No,,5,2,52.683255114343126,39.34866378450264,47.819635186478905
194,Customer Service,No,,1,6,103.87399739933834,43.09224071097864,48.35525684827124
195,Product Development,Yes,Low Salary,1,2,57.88952547235009,61.2649017592895,65.66862090779375
196,Product Development,No,,3,2,80.36480813290511,57.73637333255741,61.76572813784443
197,Sales,No,,5,1,46.627023553746994,36.65015092224534,62.15648151476659
198,HR,No,,2,1,91.28393506268102,58.69457629704822,61.93114633690025
199,HR,No,,5,2,75.2356171759557,63.08778438764335,77.51639501573564
200,Sales,Yes,Workload,1,1,74.10968303189331,50.53830788713671,41.49382334311541
201,Customer Service,No,,3,5,76.20740984714979,54.262811806796066,71.16634135676142
202,Product Development,Yes,Low Salary,2,3,77.85999586668026,60.11485185576209,56.058135360623446
203,Product Development,Yes,Workload,3,2,82.1360088826732,43.04283603837598,29.51549674355296
204,HR,No,,2,3,61.01353872686458,73.2959780462148,51.75147719987382
205,Customer Service,No,,4,2,60.136175593418166,62.23077978646533,53.92969416304055
206,Product Development,No,,2,2,70.73835817072101,55.24028147203462,70.93108014466117
207,Product Development,No,,4,1,80.26641640627463,49.654921558152886,72.27297806792578
208,Customer Service,No,,3,7,69.00016785666266,54.94777444613747,63.5385385077834
209,Product Development,No,,5,2,81.60852693698655,34.39717501335555,54.77226720318704
210,Product Development,No,,4,4,79.26755174052876,70.82087767909618,50.890188839497625
211,Customer Service,No,,2,6,66.74525107875961,61.2889157344235,71.37581018661601
212,Customer Service,No,,2,3,43.792300453287254,64.64013596802255,47.15447591083942
213,Customer Service,Yes,Low Salary,2,1,62.44708081969133,50.307571636836926,48.24227127486274
214,Product Development,No,,2,2,96.14195850714512,46.39710803920372,83.64471210320008
215,Sales,No,,1,1,75.10089476058549,43.256927966497244,54.80212811962347
216,Product Development,No,,5,0,60.40674803094861,58.13574608846807,47.28301770320886
217,Product Development,Yes,Lack of Growth,3,1,73.75977366411848,44.87452920343729,34.28978913680391
218,Sales,No,,5,4,80.14966102491702,48.12643066815293,84.04004422830698
219,Customer Service,No,,3,4,60.4140158582255,55.4639912667525,63.48627099455546
220,HR,No,,4,6,88.53075841182844,43.406716831636615,51.30924391398555
221,Customer Service,No,,4,1,77.43547031745476,60.4394676398319,58.108633808515826
222,Customer Service,Yes,Workload,1,5,53.501368402414904,49.82258922110146,43.41519558928507
223,Product Development,No,,3,7,82.8454942981356,34.91880681704028,41.36443959707193
224,Product Development,No,,2,2,63.85579922803457,43.29997321231672,67.88117433453786
225,Product Development,No,,1,2,67.31304360541591,63.081854499702644,60.338128223948075
226,Product Development,No,,1,1,54.76046954547833,40.62997486637617,67.0498377871794
227,Finance,No,,5,3,79.47169619034746,58.94077487237619,60.06550486825844
228,Product Development,No,,5,4,67.76702159956868,51.21673436694572,61.31245235798551
229,HR,No,,5,3,80.10635431750914,48.28299698270886,37.65177617960755
230,Customer Service,No,,1,2,61.735264164016456,75.12594150783275,69.07847752007328
231,Sales,No,,2,2,60.01895068194882,37.15783757070346,49.116902476367315
232,Customer Service,No,,4,2,58.803443926033744,42.59866395010217,51.67916423085533
233,Customer Service,No,,5,4,75.94048269314392,49.76569931016592,54.72127695495984
234,Customer Service,Yes,Lack of Growth,1,6,59.79475263245895,74.15749392050083,29.396866186514202
235,Product Development,No,,3,1,66.95331026910381,49.788988232076925,54.17443492136651
236,Sales,No,,5,5,62.22359519040502,52.74252938555452,53.478158882632705
237,Product Development,No,,4,0,76.60125887346514,46.64164500413364,56.22166531067328
238,Product Development,No,,3,4,43.97046330093533,53.58628578561903,42.988204827596206
239,Customer Service,No,,3,4,73.70549305335008,47.26182593363538,69.27708883561306
240,Product Development,No,,4,5,95.9701478364371,56.95322604433255,63.980565781955725
241,Finance,No,,5,1,88.54039163100546,57.741873264854945,51.359598046409644
242,Finance,No,,1,5,60.75020317039792,47.65894837171801,54.184535877128496
243,Finance,No,,4,2,77.41902664247476,38.74519961903936,68.38148328773099
244,Product Development,No,,4,2,74.50848209259858,50.93569847025736,57.425249688797805
245,Product Development,No,,4,6,92.04088094743207,64.02121748421166,47.59464170796264
246,Finance,No,,3,1,32.34827616515849,41.73339406220791,59.16408129915125
247,Customer Service,Yes,Low Salary,1,3,86.69301053402747,53.33916890393301,43.88869888765854
248,Finance,Yes,Lack of Growth,1,5,65.98723490854194,37.94259569987382,44.36666973993388
249,Finance,No,,5,3,58.851565908243735,39.60192665523475,59.4937590097741
250,HR,No,,5,0,58.42296956808062,63.00365835302988,70.55211464905659
251,Product Development,No,,2,4,50.5014052568308,56.9153338264928,80.23324744230082
252,Product Development,No,,4,2,60.788223887890965,53.489651300384274,73.62615621382305
253,HR,Yes,Poor Management,1,1,53.80398919102907,26.78226735691705,46.88277961654685
254,Product Development,Yes,Lack of Growth,4,6,72.70325755760977,44.47107128563294,72.4728061224147
255,Product Development,No,,5,5,78.8490644849257,56.06814003086687,65.58269344368289
256,Customer Service,No,,4,4,66.15139885542457,35.5093449207901,50.20311460686268
257,Finance,No,,2,1,92.49584809384248,46.461146100914036,60.945498523228565
258,Customer Service,No,,1,2,61.773680718145926,57.666537106193175,53.430833531241234
259,Customer Service,Yes,Workload,1,2,65.36706366405112,34.88861286655194,40.07863956662531
260,Product Development,No,,2,2,62.90589035607364,33.20713413051203,48.257762225417906
261,Customer Service,No,,1,2,78.97928310871592,35.0617188375582,58.527658218255574
262,Finance,No,,1,0,80.49360254277832,53.34485211611512,67.54205990613407
263,Product Development,No,,5,8,77.43050325956645,44.43001471137098,70.68203255795902
264,Customer Service,No,,5,4,68.13837019093796,58.78048626463115,47.55282083308619
265,HR,Yes,Poor Management,1,2,49.890657113831665,51.21018385234615,48.61631457541969
266,Sales,Yes,Poor Management,2,3,65.2083912878424,68.8053471793804,51.23536286619107
267,Customer Service,No,,5,4,92.17209570850797,37.625178017506514,61.5185859575161
268,Sales,No,,3,3,85.1985683115248,53.31771705109098,66.94546367046895
269,Product Development,No,,1,5,74.4107559503008,42.0478522897535,55.653062952191426
270,Product Development,No,,5,6,64.23321914322335,56.002126991480296,72.72915235105162
271,HR,No,,2,9,69.79572283998213,51.1993589027284,59.95757978190961
272,HR,No,,1,4,64.29993641446428,40.06879176179619,67.57724135721207
273,HR,No,,4,5,87.8957753212532,48.42847753891124,56.19226285392897
274,Finance,Yes,Poor Management,2,3,57.41549502409877,50.73098077211651,50.32841273388278
275,Customer Service,No,,1,2,83.85503923445467,44.006910600047746,44.03974148571525
276,Customer Service,Yes,Poor Management,1,1,62.06196142511849,57.271672149835766,41.34892607406793
277,Sales,No,,5,3,89.81390245542988,39.68907383331086,57.92536311467079
278,Customer Service,No,,5,2,76.4016388571201,70.91008558033164,61.000615432670315
279,Sales,Yes,Poor Management,4,3,58.759189000826964,59.536903006268545,72.19734092130561
280,Sales,No,,4,3,65.36031379746989,53.48741119053536,56.18100007173787
281,HR,No,,5,4,80.67460910084989,78.4531427469719,46.233597679992755
282,Product Development,No,,1,1,62.51285764638911,46.90701174106735,77.02484719454924
283,Product Development,No,,5,4,70.33204728071809,56.113758675643474,70.78837751028432
284,Product Development,Yes,Low Salary,1,2,62.30583746276584,52.22680463599208,40.22606397557493
285,Customer Service,No,,5,3,96.3867572237282,57.97467693207824,64.65262069879309
286,Product Development,No,,4,2,98.96607839426996,64.96116367066621,68.35206423329517
287,Customer Service,Yes,Personal Reasons,1,2,91.94685930087586,55.4894937661136,51.84283988393488
288,Customer Service,No,,1,4,68.1343905229925,60.41793895315199,63.25821920397843
289,Product Development,Yes,Workload,1,4,63.95871029939548,44.496120096534085,40.56030234020046
290,Customer Service,Yes,Low Salary,2,7,58.31254630728806,47.938498515362014,52.448770833353784
291,Product Development,No,,2,0,93.0358193620466,66.38287560263004,55.08645720418805
292,Product Development,Yes,Low Salary,2,2,83.96085566051754,55.9685616352936,25.888064323772994
293,HR,No,,2,1,84.6814132226101,52.483236448581884,61.9626597206611
294,Product Development,No,,2,5,66.25108094678663,42.467557909164825,43.24050685452338
295,Product Development,No,,4,2,43.63153773613138,59.66596081134951,70.13494163457727
296,Customer Service,No,,3,0,47.08063585688855,42.1853457901754,48.691798565647666
297,Sales,Yes,Low Salary,3,1,70.86451094353764,39.23834144229894,28.959047434742466
298,Product Development,Yes,Low Salary,1,4,62.15988615450497,51.14925751028921,30.300042629563187
299,Customer Service,No,,1,6,60.434480584110524,25.975074664713095,59.58523341711415
300,Product Development,No,,2,1,75.17722560592937,56.110767163709745,61.86507812240069
301,Product Development,Yes,Lack of Growth,3,2,85.20489744789238,53.76944196741288,38.29707006882406
302,Customer Service,No,,3,4,59.48159397104876,46.471964413641395,49.276117452577196
303,Customer Service,Yes,Workload,2,5,50.41585471515734,47.378818414399625,45.69255283589378
304,Customer Service,No,,4,2,59.8379323678341,48.80679095333601,69.72227757970632
305,Sales,No,,3,3,54.34054056172101,42.108726224526585,47.89917819262112
306,Finance,No,,5,4,78.89248923888982,51.84572627498293,63.791752625178944
307,Customer Service,No,,1,4,69.93836868685118,47.50605069614485,42.61309371020855
308,Product Development,No,,1,2,98.2073384235334,51.124521532886185,63.15888736704534
309,Sales,No,,1,6,81.02027679457393,48.44271414665257,67.55792081055944
310,Product Development,No,,3,3,97.20784205497247,46.474713275087524,65.24206610722506
311,Customer Service,Yes,Workload,2,1,48.94186960138576,52.78492623437637,63.65150086698471
312,Product Development,No,,2,4,21.207118053525754,57.810998429315106,69.27742400528842
313,Product Development,No,,2,1,73.64488042653102,44.752308548321025,78.4693181595012
314,Finance,No,,1,4,71.8483036148816,53.95473291645958,61.08618419059086
315,HR,No,,5,2,68.15821878178095,55.19430410514191,78.49891385697043
316,Customer Service,No,,2,2,71.43695088444467,37.161361179934296,50.55900909913417
317,Customer Service,No,,2,2,53.13960722904088,59.765444751538084,57.94658256278525
318,Product Development,No,,3,3,78.44768046826675,70.56451330655989,58.84996826959933
319,Product Development,Yes,Workload,4,6,81.04289860153506,49.11904309337454,41.38900340675062
320,Product Development,Yes,Workload,1,2,52.00376924495339,48.2880459129597,30.845538858609665
321,Customer Service,No,,2,4,64.69545368726064,47.86993838404652,68.6929836181165
322,Sales,Yes,Poor Management,4,1,65.62204226290359,56.20605754799304,38.66760539233964
323,Customer Service,No,,5,0,59.937836467595815,55.10778526649812,55.99170992717054
324,Product Development,No,,1,1,52.583314148001676,34.09338797679146,75.84585264770695
325,Finance,No,,5,3,70.18757486538136,41.33878949765838,65.72085075472812
326,Sales,No,,5,3,73.91208280996447,55.07312849891687,77.40211454735027
327,Customer Service,No,,5,3,60.84726836853557,48.54978230120249,61.205310340962725
328,Customer Service,No,,2,4,53.63817103365314,38.3388209276048,65.5549272729771
329,Customer Service,No,,1,4,76.15835867562059,65.00260180288016,57.5932844249975
330,Product Development,No,,5,3,58.49019287146517,42.0028673374202,51.51303701223478
331,Product Development,No,,5,4,65.36191729601191,50.35777121996928,65.51792954135313
332,Sales,No,,2,3,63.4588505776267,48.28480888571027,55.6409879016951
333,Product Development,No,,1,5,88.68562996254492,39.21311199049442,66.44521966243724
334,Product Development,No,,3,4,59.17854303919573,51.84954802180433,54.29530982011781
335,Product Development,No,,2,1,95.88289868513476,53.921068834994195,58.24616747314483
336,Product Development,No,,1,1,81.28452907212261,45.323239681703726,59.04717494699424
337,HR,No,,5,1,97.3134801368403,46.63807735610518,70.76965025045659
338,Sales,No,,1,2,79.9695824436951,56.00487042762613,55.75651358774263
339,Customer Service,Yes,Low Salary,1,2,66.68433328446744,30.24861734336612,57.957274706772196
340,Product Development,Yes,Workload,1,4,56.239505062717086,41.54996149752279,39.592737322683924
341,Customer Service,No,,3,2,64.6688291383859,52.134348965323795,62.69857591669607
342,Customer Service,No,,1,3,92.30921537834841,44.732612730098836,53.12399372411211
343,Product Development,No,,3,4,69.28091811482672,44.589709362705484,71.1574582223971
344,Customer Service,No,,5,4,79.91379080732662,59.01692546196169,51.8133650446448
345,Product Development,No,,3,4,73.10457017598989,43.66675717962318,52.832672561778324
346,Customer Service,No,,5,5,73.74491767763861,69.79178251113824,47.4369756650476
347,Customer Service,No,,5,3,74.32239525947372,32.45487422111082,61.030406144860216
348,Product Development,No,,3,6,77.43012230248678,27.880061667779316,65.9104870484935
349,Product Development,No,,2,2,57.788387633637846,58.78936161468457,64.83129183690797
350,Customer Service,Yes,Low Salary,3,4,65.87643593640708,40.160487406279515,44.18009024551462
351,Customer Service,No,,1,3,74.6396999952451,40.32926411727006,53.394588684626825
352,HR,No,,4,2,72.45230833750296,59.84733273819677,57.21320082292104
353,Customer Service,No,,1,5,63.081930945816495,45.02731413953539,57.59470477064797
354,Product Development,No,,1,2,76.24901372141657,59.10361815864905,62.52610427422
355,Product Development,No,,5,1,58.43287965164171,43.895880572475406,61.83852810473224
356,Customer Service,No,,1,2,51.65490746595596,53.62531521975306,77.39719074584349
357,Product Development,No,,1,2,74.42478651833716,44.88577520021579,60.396360650814835
358,Customer Service,No,,3,6,52.02262393718864,40.80187724129712,63.6080096846521
359,Finance,No,,4,2,74.20186003629453,67.30601357534718,60.71455806405262
360,Customer Service,No,,3,3,40.679785066018695,61.164621763598255,56.73266440034671
361,Product Development,No,,1,3,59.12518241264801,42.7335931706732,63.54074501013945
362,Customer Service,No,,5,4,65.08634630426327,48.216039631855615,55.79339406051582
363,Customer Service,No,,3,2,45.900472380735096,64.76226798411281,59.41782748712649
364,Customer Service,No,,3,2,64.4099159069024,40.11779584938478,71.59268538477704
365,Finance,No,,2,3,87.77529456928616,40.65891963191912,55.14640571707521
366,Product Development,Yes,Low Salary,1,4,50.94536909674667,54.70060472304854,57.588399572518576
367,Finance,No,,5,5,64.81940131717974,72.70494560261221,35.186508975137365
368,Finance,No,,3,6,95.53967004058299,50.538315518674494,58.14656089343117
369,Product Development,Yes,Workload,2,0,54.07208705483848,60.49811239486701,49.201473430457845
370,Product Development,No,,5,3,90.95835027600809,39.82560243711332,61.202604343023104
371,Product Development,No,,1,2,65.81492079931056,53.610523419360334,57.63763223668054
372,Product Development,No,,2,5,71.52868128824373,46.40385288148439,61.41517775074381
373,Product Development,No,,3,4,89.37223347114076,68.66625078626748,56.21333713972049
374,Customer Service,No,,2,1,62.72353091048471,65.9869084441313,63.86334699115845
375,Product Development,No,,4,1,79.46538510105228,72.79416736851363,42.853579985131105
376,Product Development,No,,1,2,83.26895660088381,43.04510710902592,61.114122960804295
377,HR,No,,4,2,60.23778989136899,50.354982074059414,50.62920750183425
378,Product Development,No,,4,2,58.578547493518066,53.75166924324061,71.67866543274067
379,HR,No,,4,3,66.5709535652655,43.43532363674116,50.467860141200376
380,Product Development,No,,1,0,67.04026988258141,51.31055199727403,69.95220684020046
381,Product Development,Yes,Lack of Growth,1,0,53.81578031363217,59.0897803635883,46.50054627637897
382,Customer Service,No,,5,3,60.375992519979526,44.49634472268496,41.712371768447056
383,Customer Service,No,,2,2,17.996437646917634,42.96643540262974,51.23732650818876
384,HR,No,,2,5,64.9859097505839,42.303442238301336,68.47801024129319
385,Sales,No,,5,4,83.41591270451976,36.56297615211312,67.91008824849588
386,HR,No,,5,1,44.999662978381764,58.539928670935176,47.00649227269585
387,Product Development,No,,4,4,63.052832026847,42.943316642741195,75.62855725642585
388,Product Development,Yes,Poor Management,4,6,106.63499211764834,41.888926697512,46.199246176036084
389,Sales,No,,3,2,69.66159937999699,55.29069835172741,68.84845654200961
390,HR,No,,2,1,90.35191551711955,49.893839791174855,47.881586504568496
391,Finance,No,,5,4,54.82127017463204,44.74469639894903,55.44050983826936
392,Customer Service,Yes,Low Salary,2,6,76.73227608658338,58.10628810666002,50.84864743150727
393,Product Development,Yes,Workload,2,2,52.266726549374674,44.34553868092577,43.878716444706235
394,Sales,No,,3,5,76.01596922416427,28.23049027706055,30.79208955529246
395,Product Development,No,,3,2,82.63372352139675,63.33242988705813,58.09217663007144
396,Finance,No,,4,1,79.07463768294514,41.718045243106715,40.35301855574458
397,HR,No,,3,1,64.82594011402723,42.810458211447354,49.293074584094754
398,Customer Service,No,,4,1,74.12400349026838,42.85462939021951,45.97132207254488
399,Sales,No,,4,1,74.26737903114243,50.59600988974636,71.32555457083205
400,Sales,No,,3,2,79.98984483182728,47.25757542793709,74.46355104943822
401,Product Development,Yes,Workload,1,2,68.1434957769012,59.88071112858138,54.79335567812149
402,Finance,Yes,Low Salary,2,1,83.96708200352852,66.45113992510404,50.52469214436418
403,Customer Service,Yes,Workload,2,1,91.51908098944087,43.20800521567633,45.99534759485805
404,HR,No,,3,3,65.231988299425,40.619925759682495,71.31854835016094
405,Product Development,No,,2,3,70.69659591912941,44.7809862531283,40.165717066872936
406,HR,No,,1,1,56.42777824282432,54.39058291320303,49.24898109521846
407,Product Development,No,,1,3,75.10385985736401,48.836390312374185,70.04042402791963
408,Product Development,No,,4,4,75.19956591671192,44.99588489790486,72.12270978097933
409,Finance,No,,4,3,70.86979577550554,37.02989503233537,65.89721300013358
410,Product Development,No,,2,3,72.00099481451905,27.91111157199568,49.55028434148204
411,Product Development,No,,5,5,98.8273958361128,39.95282444798568,69.89548981073438
412,Finance,Yes,Low Salary,1,2,26.69915793904785,62.644158618518794,65.54432508430517
413,Finance,No,,4,1,62.55014683060794,54.35992773064197,67.1825026750419
414,Customer Service,Yes,Low Salary,1,1,64.8441448286188,48.084646772624666,26.07582674655331
415,Customer Service,No,,2,3,91.85368919431451,57.29786796557389,61.24594808915977
416,Customer Service,No,,2,2,77.12933213977871,37.12116844898581,65.85240064291816
417,Product Development,Yes,Workload,4,6,77.49528754207235,50.56750051555622,42.848237102261024
418,Product Development,Yes,Low Salary,4,0,88.89784286354687,32.13644875660058,53.93320844103602
419,Customer Service,No,,2,3,67.3006494729508,53.46019026153483,54.865408386438276
420,Sales,No,,4,4,79.78489803742347,52.595151760454286,51.38406604113254
421,Sales,No,,1,5,62.038511677699645,52.833082231886486,75.10590817253438
422,Sales,No,,3,1,54.200405112318066,61.67618079959826,62.15068670252266
423,Product Development,Yes,Poor Management,4,2,96.91250480954483,57.759947965291104,35.74890132272303
424,Customer Service,Yes,Workload,2,2,75.53547594646196,37.91086384672735,40.53365344829403
425,Product Development,No,,4,2,79.66993892311903,61.827193278806774,51.39017894658138
426,Customer Service,No,,5,4,53.79737972851999,47.90548051681336,51.44426625242363
427,Customer Service,Yes,Low Salary,2,3,77.65528968792832,30.298514983354657,48.55347610632403
428,HR,No,,4,2,96.67349120307759,48.91244375092195,64.85556722188825
429,Product Development,No,,1,1,65.83824897423408,56.47129090142345,64.84486849833951
430,Product Development,No,,4,2,51.16300838232094,39.861481030540475,52.498880128452086
431,Product Development,No,,5,4,72.75964290481167,63.32858243707189,69.20630714583515
432,Sales,No,,2,3,54.461546421845576,40.766834408478374,72.27844315136453
433,Customer Service,No,,1,4,46.63301955293466,45.18908042464379,57.40036632980656
434,Product Development,No,,3,2,58.97851457888822,43.35262464258931,49.679292028779756
435,Product Development,Yes,Personal Reasons,4,3,62.61103307835996,32.910237888201905,49.98431191923941
436,Sales,Yes,Workload,1,0,55.191253081735624,40.068663772796356,70.87082603949574
437,Product Development,No,,4,3,89.89700173207841,42.8814069549423,49.41702432124447
438,HR,No,,2,3,98.34415006959212,48.69894466153617,54.738366970331704
439,Sales,No,,5,3,79.27132024311149,19.985255081188974,60.57434060297635
440,Product Development,No,,5,1,75.76293238154591,57.16553023359828,65.41664024515939
441,Product Development,No,,2,3,67.86927830933332,57.06673701443671,40.144200064794056
442,Finance,Yes,Workload,3,1,56.555007788304046,61.81461245589378,63.47510655161513
443,Product Development,No,,2,4,94.04365346610453,35.08344521916599,72.92291948681421
444,Product Development,No,,5,0,69.05719754364483,47.07168580168164,55.75206359209272
445,HR,No,,5,4,63.061217919002495,59.414356201495586,87.06618293332262
446,Finance,Yes,Workload,2,3,85.22134936004804,60.27495817727876,64.5065978664237
447,Finance,No,,3,2,68.8962371517938,64.78930938252556,71.74449932988207
448,Sales,No,,1,2,84.65941364637219,51.027149745722106,71.87553189781012
449,Product Development,No,,5,4,63.853769401966844,49.440261420581464,71.5871605870804
450,Product Development,No,,3,3,85.2645538818051,34.4205080381166,59.780905117177205
451,Sales,No,,2,3,84.69650825412046,60.6487619422731,58.790400048671465
452,Customer Service,No,,4,3,89.8724263298514,45.396857583339525,50.564299322798384
453,Customer Service,No,,2,7,59.358627406097604,50.3394097743573,54.22628229770312
454,Finance,No,,4,6,68.75440845431515,49.67170572756022,56.89102317714481
455,Product Development,Yes,Workload,2,2,99.21655118404374,26.05347741567913,51.0138976475853
456,Customer Service,No,,1,0,66.30381881343322,41.88544275963284,75.98296047503504
457,Product Development,No,,2,3,82.16538697048715,54.53881370036513,38.97505178573855
458,Customer Service,No,,2,4,104.35847526432883,49.51414197218816,73.44934276077613
459,Product Development,No,,2,1,42.264382061988066,54.6182297583641,49.88124021473814
460,Product Development,No,,4,1,65.80666543042638,57.83846940311385,58.954801565562136
461,Product Development,No,,3,6,70.02805275837814,41.76759419357519,52.756021435383985
462,Customer Service,No,,2,8,43.01682011089156,44.848497193541945,78.54276909465663
463,Sales,Yes,Poor Management,1,1,63.16043173029186,48.588128744411996,45.50013717015408
464,Customer Service,No,,1,2,55.42928084418901,57.73498954544157,65.21447926629212
465,Finance,No,,1,4,82.86528202526266,47.6590196179304,65.73266678276235
466,Product Development,Yes,Low Salary,2,4,44.01028967308602,32.18902845971124,37.5623906109637
467,Product Development,No,,3,4,98.3398393297082,48.018171286549325,59.03229647861559
468,HR,No,,5,2,80.34846119886917,57.33270450968705,72.0432626310705
469,Product Development,No,,1,5,54.19267629659442,63.57019422818298,51.267651891570175
470,Finance,No,,5,5,85.39629182307966,52.80575924184774,68.28965609481268
471,Product Development,No,,4,2,78.95469510276267,35.140033236007014,56.68920028699072
472,Finance,No,,5,2,69.41848562813988,45.93629254184936,71.63654023036604
473,Product Development,No,,2,6,59.178146761362,54.75057147689202,77.4749694188919
474,HR,No,,5,7,78.21494923011225,58.66214758157271,39.921601003355505
475,Customer Service,No,,3,2,71.84380548621894,55.070715872231446,46.61864909891019
476,Finance,No,,4,3,59.66139231602223,47.48392461951808,55.61490386270238
477,Product Development,No,,2,2,49.8511735885574,58.585154297756006,74.6542442084428
478,Customer Service,No,,5,6,57.241164687442996,43.59434907404934,65.32466054667943
479,Finance,No,,4,1,62.45053216544162,51.84649072874138,47.55248401028854
480,Customer Service,No,,4,4,87.43730926287212,57.49787411906735,66.78920325442496
481,Customer Service,No,,2,1,82.91138424635862,55.766358070035665,50.862652673982126
482,Customer Service,Yes,Lack of Growth,4,1,63.24898698528887,55.990949702252735,60.889576483598255
483,Customer Service,No,,4,3,63.83209060461411,55.73914993620171,65.3896499735399
484,Customer Service,Yes,Low Salary,3,4,84.8702841932755,39.51306122707369,45.042926035990185
485,Customer Service,No,,1,5,74.01020124137894,50.17557549929825,59.340455664781054
486,Finance,No,,4,2,73.80122139811449,40.90754541557941,72.24683761589256
487,Product Development,No,,1,4,59.449368917585225,47.10525943647001,41.079626928367475
488,Product Development,No,,5,3,68.14871714427781,38.31160069995808,63.01108807118715
489,Finance,No,,5,3,70.06392500828632,53.44966706351954,48.931006781163575
490,HR,No,,5,1,68.63212379539434,30.348482528193856,59.83812390751191
491,Customer Service,No,,3,4,81.01101867783794,56.172811926084655,64.5776223685728
492,Customer Service,No,,5,1,81.48030759124075,50.153477878190316,80.13168973928342
493,Product Development,No,,4,4,56.21563247950695,69.02159644077534,59.73702219161979
494,Product Development,Yes,Workload,1,1,62.49678226373684,47.953998479787884,68.20436212582788
495,Customer Service,No,,1,1,59.68939700169555,47.951033028046844,51.59501813250994
496,Product Development,No,,3,2,90.82788649165322,56.82532282529407,55.04979937016523
497,Customer Service,No,,5,0,103.8023579464876,48.53507285421559,65.87058595848683
498,Product Development,No,,5,1,63.04567937294633,52.74832807299922,62.017610484069614
499,Finance,No,,2,2,67.49357131664675,59.9440004208858,56.71581118172698
500,Finance,No,,2,2,82.63472246795996,47.3248516235912,56.44485554312314
501,Customer Service,No,,3,0,59.39183381155415,61.95260169031467,73.332945559185
502,Customer Service,No,,1,3,82.97362491373715,33.20866144485384,57.11557828972427
503,Product Development,Yes,Workload,4,3,69.68696105406681,66.03479876354825,37.799732478223305
504,HR,No,,3,3,43.843904455750554,32.118339185546674,51.45124375742279
505,Customer Service,No,,4,1,50.49349629442458,63.521873116975186,66.69901135681616
506,Product Development,No,,4,1,64.93218899123812,31.33537531695798,82.56522451212453
507,Finance,No,,3,6,88.34422832186269,69.80584118409789,54.76017316702016
508,HR,No,,5,0,56.61198102416533,51.60876213579891,81.48625525356763
509,Finance,No,,3,2,61.988490980380526,40.55115767416149,59.891592324401756
510,Sales,No,,5,4,73.16686340173896,68.6511976685514,57.201877700203646
511,Customer Service,No,,2,5,44.96852565908488,39.11129927607358,50.89722928368248
512,Customer Service,No,,3,3,74.47829921586471,47.726461205134534,58.0198619975085
513,Finance,No,,5,2,46.84389870851347,76.04712290979357,52.43859359847961
514,HR,Yes,Workload,2,2,78.50776314192679,53.95538154510909,46.41126846353776
515,Product Development,No,,3,4,57.86832876643908,29.739852022179896,43.47949732394338
516,Product Development,Yes,Lack of Growth,4,4,55.86926289677777,47.26707782627014,64.09673640004183
517,Product Development,No,,5,1,74.09194936797691,46.38240537490941,70.64385941533979
518,HR,No,,1,5,81.90985764251599,51.8851687656417,62.71600367622495
519,Finance,No,,3,1,75.6438978408578,49.555570281387105,58.55984038315919
520,Product Development,No,,4,4,73.11465249775534,55.45850497833594,59.94419702233203
521,Customer Service,Yes,Poor Management,2,2,73.32703314125845,34.71945749208066,40.28693743627715
522,Product Development,No,,3,5,75.73482831642492,44.520969598144966,48.66148500015434
523,Finance,No,,5,2,76.72054294072757,53.118436320319006,67.17414113230907
524,HR,Yes,Workload,2,6,64.08578424899571,42.378581925634236,44.69690763600024
525,HR,No,,3,2,79.8175442317111,60.959435834579466,63.25735713028891
526,Customer Service,No,,4,1,58.02714662228199,42.578631574652384,43.37561036376813
527,Customer Service,No,,5,3,86.37089895432062,51.43329089336659,56.8457119802533
528,Product Development,No,,3,4,81.73665473182723,48.950430348907766,48.46640195562553
529,Product Development,No,,2,3,102.71351506877062,39.85319126432677,64.84055752344936
530,HR,No,,1,5,77.70772676958354,50.604909952115754,69.95277852577186
531,HR,No,,4,4,83.63649529821384,36.88067845115921,74.59699389213819
532,Finance,No,,3,3,46.59192567981094,45.56388773225398,53.71020267054141
533,Finance,No,,2,1,84.12545113458584,50.30274154495305,48.72100907967631
534,Customer Service,No,,3,3,87.64684033546396,35.726618109266425,55.81406392027732
535,Sales,No,,3,1,92.57081940082676,56.23501640920522,53.00687077986288
536,Finance,Yes,Lack of Growth,4,1,71.80699528512248,52.60374668509461,50.952489270529625
537,HR,No,,5,4,64.87159935837985,55.32000776288725,45.97217707874098
538,Product Development,No,,5,3,53.65727837085068,50.024690761400535,42.4560493771926
539,Customer Service,No,,2,3,55.02946057199442,38.49316418708224,56.535517026426255
540,Product Development,No,,3,2,69.61589988166425,49.99927148087524,67.26506064399423
541,Finance,No,,1,6,43.728430041942524,56.23097083649424,49.725433089093805
542,Customer Service,Yes,Poor Management,3,3,58.47672087878051,38.09691210533735,62.26402851676228
543,Product Development,No,,5,1,71.34283076140977,38.89173983412055,63.65337734026934
544,Customer Service,No,,5,4,71.00805179065317,47.539156140488906,75.46795586739374
545,Customer Service,No,,3,0,55.45909369943755,46.286704649676736,51.97745333562911
546,Product Development,No,,3,5,51.49205034312045,49.83836165381234,43.93528133203138
547,Product Development,No,,2,5,53.73231315420975,47.08302054296053,65.98541760215109
548,Customer Service,No,,2,1,66.68721761792695,51.59999545797187,62.7987453784476
549,Customer Service,Yes,Workload,4,1,101.94695714624898,62.218180194493584,48.80046916224453
550,Sales,No,,3,2,85.90508629100908,55.383883885973574,49.52172295745717
551,Customer Service,No,,1,4,73.21291605826362,50.56151654336417,67.75150607325664
552,HR,No,,4,3,78.30836148015553,38.93288453054228,53.665741929249286
553,Customer Service,No,,3,4,85.23797310820213,42.780134122244604,62.02060478676632
554,Customer Service,No,,3,4,80.13427976393486,58.41734179046845,55.404318882490585
555,HR,No,,2,3,65.37685039859115,45.315146061416826,63.543815902843356
556,Customer Service,No,,4,1,57.31617690142692,40.32247871506287,48.04869548685011
557,Product Development,No,,5,3,68.12088743911694,70.98033118778794,64.99678307245993
558,Product Development,No,,3,2,85.06362500367881,65.24459373926676,66.57589259523942
559,Sales,No,,5,3,65.94413236833638,48.75546580867145,61.15978158282697
560,Customer Service,No,,3,4,53.42986556293525,39.17335498431261,76.43896725201694
561,Sales,No,,5,4,44.14828010838516,57.23358847272947,62.071603208123804
562,Product Development,No,,4,4,68.18453857482683,45.09932001670876,69.18753760036668
563,Product Development,No,,2,0,54.615366361932374,58.88532762812048,60.92416797799047
564,Product Development,No,,4,0,63.45226170435599,45.10946589237373,68.29398864004722
565,Product Development,No,,1,7,91.84348793279982,66.45395567895255,44.666956843385755
566,Customer Service,No,,2,3,69.1922543312959,44.81258368604152,60.32944797375087
567,Product Development,No,,4,4,58.743088378768334,73.64733484603599,48.73064637201638
568,Customer Service,Yes,Low Salary,1,4,74.63126921487803,51.95057784879682,51.35784757952728
569,Finance,No,,3,3,98.81432000620376,63.84305634054439,63.841927100100726
570,Product Development,No,,3,5,68.18955627389461,44.598996409901325,68.07497613045854
571,Customer Service,No,,5,1,34.667105460220434,36.88649747991819,64.8990992640558
572,Sales,Yes,Lack of Growth,1,4,79.75114864788969,26.93777195643105,42.77623196469663
573,Product Development,No,,3,1,75.19645091390255,62.76603838080032,52.4640451163919
574,Customer Service,No,,2,4,71.3518353324359,50.68013909976041,36.574765002583376
575,HR,No,,3,4,66.71234112008548,37.52424549478292,60.68852577850552
576,Finance,Yes,Poor Management,4,1,57.89091737672827,63.18203051085855,57.512751132486905
577,Product Development,Yes,Personal Reasons,3,2,92.72461335900786,61.55994016760827,55.842154228940245
578,Finance,No,,5,3,42.42535997936429,63.82385840370535,59.15248308771788
579,Customer Service,No,,1,2,65.36558378782391,36.60213971557141,61.43057288549411
580,Product Development,No,,3,4,65.0148974262119,62.46411301045754,56.12290600056903
581,Customer Service,No,,1,2,82.80162703595789,53.84041975675542,61.94967885840555
582,Finance,No,,1,8,88.53490968075616,64.27623037307576,55.95036338687409
583,Customer Service,No,,2,4,66.5989928495876,55.42731164544382,51.01118600978419
584,Product Development,No,,3,4,72.8944877840303,51.73015562847638,59.24701405358085
585,Customer Service,No,,1,1,74.16980221715858,62.599852344622185,59.02897059385332
586,Product Development,Yes,Poor Management,3,3,85.79989359114376,58.518994381843164,69.92304871642747
587,Product Development,No,,1,3,85.49095671044597,60.81765598773033,51.94310006997888
588,Product Development,No,,4,3,61.92379683251603,45.119525993492125,58.405582959819974
589,Product Development,No,,2,7,76.56852102154465,48.275906260055216,57.43334673638479
590,Product Development,No,,1,3,75.74877688709296,32.66186407753336,55.52317167419559
591,Product Development,No,,5,2,68.26135079725196,44.398759309334054,65.13105239106652
592,Customer Service,No,,2,1,75.60672601048239,57.90393538638969,82.37963017824218
593,Product Development,Yes,Workload,3,3,70.30281642814337,55.64187817598388,46.52774007464117
594,Product Development,Yes,Workload,1,3,72.3683589867173,40.20467890069693,53.37534401836636
595,HR,No,,1,0,49.65990532431252,62.82345420235093,40.876280090527885
596,Customer Service,No,,3,3,56.230579418970564,79.73075285370285,56.06470470015969
597,Customer Service,No,,3,5,82.26633264359788,40.97275545421356,75.552411396122
598,Product Development,Yes,Workload,3,4,51.841181847713216,47.94118197956129,51.58833359867885
599,Product Development,Yes,Low Salary,3,4,77.0516381379354,43.784045744485745,57.50197754344639
600,Product Development,No,,3,5,68.77861028461824,49.05114243806925,53.77248863870811
601,Product Development,No,,4,2,85.45982093994746,52.73906000481823,62.57557191856465
602,Product Development,No,,2,3,79.73200813145029,43.02667061412474,76.32776246786082
603,Product Development,No,,5,3,63.20081244314747,47.230802059281665,48.39917037730898
604,Product Development,No,,5,4,66.65127478192676,50.87243198592776,81.8654250517579
605,Product Development,Yes,Low Salary,1,1,40.21693278159872,54.716019660075524,35.727900990169104
606,Customer Service,No,,5,2,68.04402827210907,64.6649290498534,55.14498156514492
607,Product Development,Yes,Low Salary,1,3,50.947768860937146,49.8552114133525,41.63144123470521
608,Product Development,No,,2,2,66.71940462987165,44.38164364810341,57.27539018232756
609,Customer Service,No,,4,3,60.431226490661956,56.96339147698877,51.510971246759254
610,Customer Service,No,,2,5,56.85056197165778,54.00172878972809,50.75280336507051
611,Product Development,No,,3,1,87.81586768180321,48.07172404175271,48.13253394488379
612,Sales,No,,4,1,50.85683654489419,54.85016724826827,66.4405362855622
613,Customer Service,No,,3,1,55.554023298822315,46.168514212741556,57.6204200405942
614,Product Development,No,,4,1,59.52683434914881,44.69615980945567,55.00489580300492
615,HR,No,,5,1,62.78322911694113,31.00682845206841,62.82256910582161
616,Finance,No,,2,1,56.84832232792684,46.72076892604422,45.0536448890944
617,Product Development,No,,1,3,64.61277261540562,32.374770191494605,63.063725439663465
618,Product Development,No,,4,2,74.53231475228297,43.6059615116403,59.06230598978754
619,HR,No,,4,5,80.04788137043448,55.79480736597322,59.36962169970772
620,Sales,No,,3,5,79.31961936115378,34.948303261644,65.19166750906945
621,Product Development,No,,5,2,41.37696132503403,48.10155055833634,76.43524008793491
622,Product Development,Yes,Lack of Growth,2,2,75.70293840267156,50.65473667767299,48.71828510549445
623,Product Development,No,,3,4,76.6284773906969,47.61405795668766,58.001254921952174
624,Customer Service,No,,5,0,60.06401284433236,45.18665172759506,48.173556124240655
625,Customer Service,Yes,Workload,1,2,95.01526309460708,53.25388813552639,23.470736076687864
626,Product Development,No,,3,3,86.3149934772188,54.64099200566603,61.278841671628626
627,Customer Service,No,,3,3,67.25463425288433,50.01526128539629,47.40366659819133
628,Sales,No,,4,3,61.06047542097651,45.742390821970716,34.59736545747854
629,Product Development,Yes,Workload,4,1,94.77166691414439,58.64735933050108,47.19808409963037
630,Product Development,No,,2,3,69.71479393210818,36.89259939751749,62.39481735761878
631,Sales,No,,1,1,71.27555586490611,56.873785584752206,67.44303816535941
632,HR,No,,1,2,71.08684895688774,54.19694391321656,70.61250713604522
633,Customer Service,No,,5,2,104.54656706823971,51.990268438132695,68.75712163595048
634,Customer Service,No,,4,1,66.75227103839441,49.90104504273356,69.02575029604067
635,Product Development,No,,4,6,69.64537034801775,31.100312010876515,45.31929987411347
636,Customer Service,No,,5,2,57.53406005501711,63.87352362011728,58.50404362593242
637,Customer Service,No,,4,7,64.1575083660454,58.38671048885191,65.79835566594613
638,Product Development,Yes,Poor Management,1,8,54.529117085702524,40.38609824105694,54.92008436705116
639,Product Development,No,,1,2,57.83900120450317,57.58809685015621,58.448507234175
640,Product Development,No,,2,2,42.850725132884044,51.88839699523621,60.28090019912309
641,Product Development,No,,5,6,83.22286856468152,44.169979705435495,62.4553399820915
642,Product Development,No,,3,3,72.3511950637887,61.917937173895474,59.231062945643394
643,Product Development,No,,3,1,73.5866393842123,45.691607411591306,51.53720642590933
644,Product Development,No,,2,3,69.21342540200698,63.5612659959622,42.97175892862376
645,Product Development,Yes,Low Salary,1,0,71.07649026276013,55.34280364950128,51.27452246384998
646,HR,No,,4,6,94.28708606875655,59.56558726424354,60.57482754305274
647,Customer Service,Yes,Personal Reasons,1,2,58.46840812247889,55.790853730734476,50.906551571565245
648,Customer Service,No,,2,1,74.17535197418773,55.327307877595416,69.52921063582211
649,Sales,No,,3,3,74.09486714237514,52.15230431646433,71.30606301022927
650,Customer Service,No,,4,3,87.12983842593637,42.73181052944731,58.95977196230757
651,Product Development,Yes,Low Salary,1,5,76.57982218830627,50.62525722344808,45.89309263404487
652,Customer Service,No,,2,1,77.33378267241027,59.163908440411674,65.7312859957065
653,Customer Service,No,,4,2,51.125956441902154,57.19259711585617,64.26548379517975
654,Sales,No,,5,3,57.86646472442527,55.01253464860298,55.574417981986656
655,Customer Service,Yes,Poor Management,3,6,52.496673939046104,29.042466869040023,57.783183004614315
656,Product Development,No,,3,2,32.86192303767917,47.86775881092742,58.53625591050518
657,Product Development,No,,5,3,75.95799004161456,46.81710778650197,58.74889261299772
658,Product Development,No,,1,4,66.0755674013798,38.96742431938387,64.33613795088641
659,Customer Service,No,,4,5,75.98607532869539,59.037576211372674,56.98833380256743
660,Customer Service,No,,3,1,70.53233920803251,29.74691306890451,60.94672507490004
661,Product Development,No,,5,4,73.60654472805415,58.366357479013125,62.975443064415494
662,Finance,No,,4,4,90.07173117657553,63.292382494032296,68.1717855946621
663,Customer Service,No,,2,1,70.1094263391393,47.90158261731131,67.48140580275276
664,Product Development,No,,4,6,80.03483827155739,49.25661056022319,62.6704447676833
665,Product Development,No,,1,5,65.46634470948887,59.675592356933386,33.91231265559811
666,Product Development,No,,4,5,82.37182180018388,42.36345346575668,62.43350819721203
667,Product Development,No,,5,6,51.40543517920329,56.60776476772457,63.97885928945911
668,Product Development,No,,5,3,42.436656977500704,40.821856523235674,66.00928847130378
669,Product Development,Yes,Poor Management,3,1,101.59990707496654,37.82558094380633,40.05478386522892
670,Product Development,No,,5,1,97.54456228469866,52.959907266498696,38.77923947580108
671,Product Development,No,,2,6,40.81728255330432,49.73313018705464,68.06170010783667
672,HR,No,,4,2,69.45830011035584,32.7899568882902,47.75473406537043
673,Product Development,No,,2,4,72.24874514617963,64.15310952419622,72.22169544317816
674,Customer Service,No,,2,3,80.84457372952583,45.85282961616356,54.2134811419117
675,Customer Service,No,,3,7,96.0881334482685,55.106799193590525,49.72827041648097
676,Finance,No,,4,2,54.078846219713235,66.0518325133315,63.496219725359865
677,Product Development,Yes,Workload,4,4,54.88477261726828,52.47604376279362,52.24371198919284
678,Product Development,No,,2,0,69.98243235713178,62.732920658670906,65.56578022075578
679,Finance,Yes,Low Salary,2,1,55.54632949171793,41.369459536550174,50.87814146509282
680,HR,No,,4,2,29.287948322342906,64.20985353830048,52.922096927467
681,HR,No,,4,7,66.59139902837664,41.74135504016877,44.73090203712805
682,Product Development,No,,1,5,82.86315860735036,44.28858512371819,56.10335604700882
683,Product Development,No,,1,3,69.69298921692022,35.45334589012457,48.542922119845116
684,Customer Service,No,,2,7,79.36067888724703,52.684245549159414,64.32548684899436
685,Finance,Yes,Workload,1,2,77.21509305931377,56.30927514342926,61.58472814374391
686,Customer Service,No,,2,3,54.59521561912048,57.668083853935194,61.72696650118802
687,Customer Service,No,,5,1,71.02032316568582,35.68413740284615,59.990551855605844
688,Product Development,No,,2,3,47.12259026441485,53.749762464630315,56.89567421488268
689,Sales,No,,1,3,62.321340077721935,54.11982368008709,69.80349269538796
690,Product Development,No,,5,4,70.75679776677899,56.14771709575928,41.69531261355666
691,Product Development,Yes,Workload,1,3,69.98271000567891,42.272712134314986,42.50254038210581
692,Customer Service,No,,2,4,50.635976847841434,24.946962691557996,78.26733302733587
693,Customer Service,No,,3,2,53.66506770691671,57.06478904003381,47.45040629196333
694,Product Development,Yes,Workload,3,4,74.36439444486844,48.54170365097059,57.25626301498563
695,Product Development,No,,1,6,82.4109015295495,52.80241105709688,67.3679010831692
696,Customer Service,Yes,Workload,1,3,66.89548759765154,49.05392963210173,28.77946613992556
697,Product Development,Yes,Poor Management,4,4,66.14459981120169,52.34502247026879,28.14589922887069
698,Customer Service,Yes,Workload,1,1,83.96914000004384,57.37119294189255,66.87682340612787
699,Product Development,No,,1,6,58.41900828959104,31.42978290457608,50.270563347452594
700,Customer Service,No,,4,4,95.90544349156175,61.4102027623928,50.543683802351794
701,Customer Service,No,,2,2,49.82090943025377,48.17857504329579,54.79123851650883
702,Product Development,No,,3,0,85.72744497233191,66.27074268476,50.29517956820683
703,Product Development,No,,5,2,78.08751766229587,45.40544584614817,65.26267678677829
704,Product Development,No,,2,4,106.15180783592788,43.184021874125875,48.1796244094316
705,Product Development,No,,5,3,53.18246019426839,48.516605922090825,40.34239471892528
706,Finance,Yes,Lack of Growth,1,4,34.98965712098544,54.999870409318426,66.27872706641513
707,Product Development,No,,4,4,88.74169550943087,47.25647448336955,48.67089233807029
708,HR,No,,4,6,47.929997390203226,55.72513287625523,52.4798123333307
709,Product Development,No,,3,3,79.23664738207133,46.12874094940449,68.29857934622454
710,Customer Service,No,,4,2,87.73226620940886,50.34892218011103,60.70243888421613
711,Sales,Yes,Poor Management,1,5,75.69641147076628,72.36552949044705,57.281940456246126
712,Customer Service,Yes,Workload,2,5,73.48271329753291,53.572668635325556,55.96996835883593
713,Customer Service,No,,2,4,76.01410052210417,54.37496226925976,55.46569354341543
714,Customer Service,No,,4,2,82.56132840057018,35.27430012811023,70.21919882486017
715,Product Development,Yes,Low Salary,2,1,78.80602727144526,63.542875233450005,46.755245686374806
716,Finance,No,,1,5,51.75124289813267,60.66465085323267,54.01612091309655
717,HR,Yes,Poor Management,4,6,97.37499582773775,42.85550890708201,53.93608741502861
718,Finance,No,,5,1,70.76662052315353,60.467259343717366,46.905374801575064
719,Product Development,No,,1,6,77.77512379719256,53.29801227340021,68.3384770247539
720,Sales,No,,1,3,80.66483526290294,50.46415898606572,67.04118788347806
721,Finance,Yes,Lack of Growth,4,4,87.33891702821929,62.90955646274999,52.04307536347066
722,Product Development,Yes,Poor Management,2,3,85.78160233711954,44.8770142692927,34.09415137798569
723,Product Development,No,,5,3,71.97605239671239,42.7764494432015,71.54404787118449
724,Sales,Yes,Workload,1,4,71.01199726877185,52.07563320337005,58.21245531660121
725,Customer Service,No,,4,1,76.12916474453344,55.282288145376306,59.77041653122115
726,HR,Yes,Workload,1,5,86.500915089302,59.66315886693836,47.40615510230722
727,Product Development,No,,4,2,53.310674727506736,48.49047048253395,54.632807726943966
728,Sales,No,,4,4,79.6614313336294,41.50228883409351,56.55529237479878
729,Product Development,No,,1,5,56.70516092506003,75.28567717964928,67.6921669289514
730,Product Development,No,,5,3,97.76820287502206,39.13405438961038,54.83273957110979
731,Product Development,No,,3,3,75.50971251976716,50.55118123289529,57.25697857203588
732,HR,No,,4,4,63.759586380236975,57.797055245476116,58.724067236931624
733,Customer Service,No,,5,2,76.43074902503344,61.51122615037835,58.99802738779939
734,Customer Service,No,,3,4,70.1380248652968,44.32839821252282,53.82188083773645
735,Product Development,Yes,Lack of Growth,3,0,67.59719556501358,31.250823055922968,49.6551555482677
736,HR,No,,3,0,42.86162115388374,44.09734826537329,63.43313945901154
737,Product Development,No,,5,4,54.63710495233427,58.61322510213885,50.95195400198803
738,HR,No,,2,2,67.8932035077623,56.37496481495238,58.34429382718038
739,Customer Service,No,,5,2,44.674687904793956,56.70122358888075,79.309842071211
740,Product Development,No,,1,1,61.192355539635685,57.116640860743736,59.36855659795257
741,Customer Service,No,,3,2,62.50187855819462,63.40084232680508,50.69576955138021
742,Product Development,No,,2,5,58.308360598931024,42.24111554705209,49.525881827071515
743,Sales,No,,3,2,81.58532220496961,38.02102004272396,47.34804927967308
744,Customer Service,Yes,Low Salary,2,3,56.797460221027926,53.70480245263756,70.46800113727012
745,Product Development,No,,4,0,71.32613218114845,39.5147531043181,70.08022389716345
746,HR,No,,1,2,64.70254061514137,37.390846505149945,47.10374932575786
747,Product Development,Yes,Workload,2,3,68.21804105301798,62.23959909907136,48.26719224814921
748,Customer Service,No,,5,4,94.09601128976698,52.50359817075813,72.24836058702908
749,Finance,No,,5,6,72.69529527749762,50.284931490450866,59.5953188859253
750,Customer Service,Yes,Poor Management,3,4,75.59549337289432,50.49273996765315,48.100295290227315
751,Product Development,No,,1,3,58.518743691803984,48.938609901753345,82.40899648478353
752,Finance,No,,1,2,79.39224515943457,62.17240645326574,40.94655176341146
753,Customer Service,Yes,Low Salary,4,5,78.75954860271752,34.85384094804216,73.83996426326621
754,Product Development,No,,2,3,77.31413000558067,34.43976418799581,60.59999208856506
755,Product Development,No,,4,3,51.862347731760224,40.63618481412091,72.90430130294517
756,Sales,No,,4,2,61.2212917304786,52.89161647739952,47.993868207176746
757,Customer Service,No,,5,3,91.50370095352437,68.05343739878488,52.744157019506886
758,Customer Service,No,,5,6,59.68383301469096,58.69083991505273,49.200432572801994
759,HR,Yes,Poor Management,1,1,93.54982038631945,55.92442714224097,51.16740224872764
760,Sales,No,,2,2,61.804051344243895,49.201330687154744,63.077261401087604
761,Product Development,No,,1,2,72.22324231079233,36.674700860040694,70.66801996602622
762,Product Development,No,,4,2,67.19246148613804,55.14989824087164,42.885444016312306
763,Product Development,Yes,Poor Management,3,7,57.327920767275046,70.25967065835133,48.439791069892905
764,Sales,No,,5,1,57.54386530645475,47.59942344491471,68.94908867949309
765,Product Development,Yes,Low Salary,1,3,59.436354902653974,44.39326635246067,64.63789129736676
766,Customer Service,No,,4,8,72.22096422174363,47.64756803609707,55.594807183765724
767,Sales,No,,1,1,83.35626285992906,55.997511384924195,55.719238026368856
768,HR,No,,1,2,71.24734979070993,51.11730185251932,59.07975460164853
769,Product Development,No,,5,4,69.49932645181676,59.10014111114721,61.86052704410257
770,HR,No,,1,1,88.15567083013445,49.66549125750175,73.02597811624912
771,Product Development,No,,2,4,70.6200726544947,47.58988370354219,47.89904372542986
772,HR,No,,2,4,61.85704592332979,52.290059799542455,52.13746276393451
773,Product Development,No,,3,4,55.033883820448004,44.60347823169322,46.68588689354568
774,Product Development,No,,5,2,89.05670925487927,67.40764941444638,64.27754085038345
775,Sales,No,,3,5,65.05903734756546,58.23114398116615,71.01368192261381
776,Product Development,No,,2,3,61.32139308439198,39.00301412594338,45.79033245629721
777,Product Development,No,,3,3,60.0243516464091,42.54240828465861,60.88703306896204
778,Sales,No,,5,3,88.21285833231593,55.65337005166104,70.29003239978162
779,Sales,No,,5,2,61.405390100976625,51.83317545996414,67.84546802953032
780,Customer Service,No,,1,3,84.8569413651264,53.02511709348074,67.72753857865158
781,Customer Service,Yes,Low Salary,3,0,66.54388134385796,48.07872529383858,35.5405296688499
782,Customer Service,No,,1,1,51.874295034596145,54.551730365254336,67.69434410918134
783,Product Development,No,,5,1,65.01262459270148,48.31394131496292,58.14074482314989
784,Product Development,No,,2,3,69.50810298328089,55.63379543409591,70.7016181455428
785,Product Development,No,,2,5,68.27243810842975,57.73028231250898,64.49166555234733
786,Finance,No,,1,1,67.90024445685798,66.0674033663816,51.84499236690319
787,Customer Service,No,,5,7,65.17082585242271,44.8530075705404,62.78811955554506
788,Customer Service,No,,2,3,58.22485060446056,49.888813681744594,68.18516060452413
789,Customer Service,Yes,Personal Reasons,4,2,70.16106345661291,37.81018589103833,48.9551705702132
790,Finance,No,,2,6,78.11422631091888,68.26261417039093,61.28801992120947
791,Product Development,Yes,Poor Management,4,5,48.06106359100431,30.245120427961588,37.16474635194075
792,Customer Service,No,,3,4,89.48593327078311,66.82869388531809,65.49031934630679
793,Customer Service,No,,5,3,14.550671414659938,50.934695822911415,59.43736286373951
794,Customer Service,No,,5,1,71.12872862149524,54.184279304866465,69.14086392629528
795,Product Development,Yes,Workload,1,4,76.99130403210137,48.34330906270349,52.868624552777746
796,HR,Yes,Workload,2,1,60.949707851574644,50.311006581132915,49.19608424874883
797,Finance,No,,4,1,38.11247843544129,55.88084599744503,51.5363111164946
798,Customer Service,Yes,Poor Management,1,5,68.54913849861929,33.63352538178742,41.37934843827593
799,Customer Service,Yes,Personal Reasons,3,2,72.54543886905151,43.47873762906097,41.27811008459046
800,Finance,Yes,Low Salary,1,4,52.76921898135701,41.549427161913414,55.01977381878112
801,Sales,No,,4,6,57.54799884129311,54.47404783535817,42.4373264629602
802,Product Development,No,,5,3,84.44068144095675,50.04366198403852,49.64275222361069
803,Customer Service,No,,4,1,71.76522639552664,56.18095840428808,68.58999426657041
804,Customer Service,No,,1,3,47.36984516106038,51.64775004181356,73.28952269751416
805,Customer Service,No,,1,2,76.74744876632697,60.58588835815996,50.16841316776276
806,Sales,No,,4,4,56.042217520324485,42.59725708991246,49.53190927218433
807,Finance,No,,1,2,58.378563507600276,50.58155779850238,74.07160239571904
808,Finance,No,,1,5,72.96486089021197,61.09363414002514,58.76405580432618
809,Customer Service,Yes,Workload,3,3,71.56735041428702,59.09326048020673,45.60522168420118
810,Product Development,Yes,Poor Management,2,4,63.96090188261753,35.20355443549912,63.76527304035645
811,Finance,No,,3,3,62.4368593812722,39.78889211015279,65.03480796603999
812,HR,No,,2,3,66.23801441912582,49.18209061295216,67.36654026635304
813,Product Development,No,,1,0,58.29109760391051,47.65163327258723,51.5756041824032
814,Finance,Yes,Low Salary,3,3,86.33518377666314,49.34573271448085,57.573534008064456
815,HR,Yes,Workload,1,0,46.462094514873016,57.96190300251846,65.66593066271857
816,Customer Service,No,,5,3,66.38682108140011,52.89383005002072,66.40794360648219
817,Customer Service,No,,1,5,48.108923899321766,53.4769090301923,69.19869918353089
818,Product Development,No,,1,2,84.04002620917782,56.70613568603425,74.03142549962902
819,Product Development,No,,3,0,66.36534499019538,60.74174205145559,64.27669719755355
820,Product Development,No,,4,5,54.14997110678331,19.439878385350525,54.34879072617501
821,HR,No,,1,3,80.27571439392528,46.13373551761947,68.77111153531953
822,Product Development,Yes,Low Salary,2,2,35.6210398489159,41.170322127403,34.24106924793104
823,Product Development,No,,2,3,74.21326037708482,54.753161358948525,57.776805061222916
824,Product Development,No,,3,2,87.26933782806621,45.37896044415344,65.8807922912916
825,Customer Service,No,,3,3,72.69315336794169,50.75861616915122,27.826211107103816
826,Finance,No,,3,4,62.402343298238755,58.521430764025084,62.524633653464676
827,Product Development,Yes,Poor Management,1,1,51.36727057285941,43.9701406122184,52.479708231373536
828,Product Development,No,,1,3,86.23771953133762,53.62815672712219,48.64065078437723
829,Sales,No,,2,2,83.91132786463452,65.53827823160428,63.25860591749314
830,Customer Service,No,,5,2,60.31957253663468,58.316154598715805,61.899485012560575
831,Product Development,No,,5,0,60.72043729585708,34.14222643320022,60.33971780383641
832,Customer Service,No,,5,3,87.80150650339976,47.08253298723899,71.89433803761844
833,Product Development,No,,2,3,77.97419720182816,53.55816335276996,68.78909356517202
834,Product Development,No,,5,2,43.20123490433881,55.527838562219294,66.3998285071334
835,Customer Service,No,,5,1,67.06446392945512,47.47650961712754,49.75778470757137
836,Customer Service,No,,3,3,66.51165328333255,43.60211109010467,59.826586648162845
837,Finance,Yes,Personal Reasons,1,4,73.71451708944407,50.67762934848969,62.16322349250973
838,Product Development,No,,1,4,70.09069023902958,39.13115296105056,57.85338178318707
839,Customer Service,No,,3,5,62.309332573416725,60.997342660445184,75.54262019413571
840,Customer Service,No,,3,5,72.67539478539817,68.68680973948167,66.69193406401502
841,Product Development,No,,3,2,63.283335057299205,53.94693968450124,77.09560562892244
842,Customer Service,No,,1,3,121.21280538970089,47.675614464708865,49.32667777015209
843,Product Development,No,,5,3,71.84091851520304,59.409009999136465,58.45342461375294
844,Finance,No,,3,2,69.77950796306497,57.719292243586736,59.39868976991948
845,Product Development,No,,2,2,97.64211337467344,47.24459253894575,66.06173306435204
846,Customer Service,No,,3,4,49.53484909833545,49.52156430650247,52.614024181174884
847,Product Development,Yes,Poor Management,3,1,68.35040688874777,43.90465660871904,29.079255868709055
848,Finance,No,,3,6,55.7559536949359,51.6468482493597,63.78197706978459
849,Customer Service,No,,1,1,79.52515084765133,52.98909140045248,56.33526752079933
850,Customer Service,No,,3,4,62.58475776732801,42.19867345729304,55.293029581998326
851,Product Development,No,,4,2,78.70140602799621,39.25323658372103,53.07191084638736
852,Sales,No,,2,4,77.62076497651813,36.73984587965934,61.23888757850742
853,Product Development,No,,5,3,81.70558392985112,54.165346626120424,49.23142471045857
854,HR,No,,3,5,77.86778188782935,49.88517430379894,58.058042529653065
855,Product Development,No,,4,5,66.63940909217474,49.16425853145173,51.71287018412178
856,Product Development,No,,4,1,49.0352093984652,54.64525922344333,53.90822586013561
857,Product Development,No,,2,4,85.13627411519896,40.990380243116235,63.53810184772958
858,Customer Service,No,,1,2,91.13541136997735,39.29747264828807,66.51409862102796
859,Customer Service,No,,3,3,55.93197533062594,52.41081918968858,56.93895073361558
860,Product Development,No,,4,1,81.03816042419032,32.713210404194434,69.67830393505537
861,Sales,No,,2,4,52.444558786216206,47.410154690657755,50.27286409062889
862,Customer Service,No,,5,3,73.05148262142846,74.66446372577879,44.80101394999679
863,Customer Service,Yes,Personal Reasons,3,4,76.14130729312495,36.51462537147476,36.06718683623457
864,Customer Service,No,,2,4,63.60670339292989,45.70257640069276,49.24593207886158
865,Customer Service,No,,1,4,71.42607155339614,28.771071963102315,46.871067658837205
866,Customer Service,No,,1,3,82.72304757245823,47.662719417778554,80.21153917896245
867,Product Development,Yes,Workload,3,1,68.35875242123484,69.6653642826531,32.886612850580505
868,Product Development,Yes,Poor Management,3,5,59.87293743159703,54.669174367904006,61.04658357347732
869,HR,Yes,Low Salary,2,5,51.64331180841492,43.86220690879025,50.927562863832065
870,Finance,No,,2,4,64.13853450618384,71.81410645271099,62.2460046691791
871,Product Development,No,,4,5,52.379176281863664,32.5764739048159,50.94270287289535
872,Product Development,No,,3,3,64.3392396754084,54.539431597570186,63.25452724894684
873,Customer Service,No,,3,2,63.02136304855617,50.64912787092937,50.86081444929302
874,Customer Service,No,,4,5,82.06157454943781,47.52975319089583,69.22766182028447
875,Product Development,No,,1,6,71.10212524315466,58.07091473728845,70.05513477854234
876,Product Development,No,,2,3,108.20889534575787,38.180205917246994,58.651380631340785
877,Sales,No,,2,0,39.796161452385476,53.12622633872329,59.306358946457216
878,Customer Service,No,,1,3,74.7005714757817,51.85658322764516,64.32723899426834
879,Product Development,No,,4,1,63.22665571750733,41.28987336886287,63.81609428057787
880,Product Development,No,,2,0,55.65939069273331,69.49995580417317,70.24146373133617
881,Product Development,No,,4,1,69.55345758135745,48.18162736638361,69.95845925210298
882,Customer Service,No,,4,4,68.4307460145856,48.61349627805292,59.71159069320884
883,Product Development,No,,3,2,86.16719226019048,39.72322824704258,55.227755150450555
884,Product Development,No,,1,8,71.36887670204504,48.36659548883618,68.11619787861477
885,Sales,Yes,Low Salary,3,7,59.60797618421847,73.34754606818984,47.49304867303493
886,Product Development,No,,5,3,75.01315845550481,47.47288140028415,61.13743942286525
887,Customer Service,Yes,Workload,1,3,66.55522654432724,55.18701943013643,59.60530439850626
888,Product Development,No,,2,3,53.1178218231894,59.505477319935125,69.75556972075357
889,Product Development,No,,3,0,66.27181945730835,48.18597688859904,62.60848141908286
890,Product Development,No,,2,3,73.46413116110033,45.904096977162,54.12802054126113
891,Sales,Yes,Workload,1,3,71.0842364534822,54.72263881226173,70.41127457819675
892,HR,No,,1,4,74.95469581947823,47.587416311156,75.30341811543413
893,HR,No,,2,1,62.102721864892125,46.68154927213736,49.81996642747501
894,Product Development,No,,4,3,74.76417942150916,59.39889894259463,50.882284230756326
895,Customer Service,No,,2,4,71.80173719226124,49.3057691308695,52.139865181409256
896,Product Development,No,,3,4,71.92344075660314,62.1323983826474,68.48550891714811
897,Product Development,No,,3,2,70.4853482924003,49.08073311756878,78.351431917235
898,HR,No,,5,5,102.64139815353946,36.8280444164731,54.93726732828783
899,Product Development,No,,3,2,86.65189365700104,15.742046471663478,61.692683579155734
900,Product Development,No,,2,4,74.43087635392949,31.6185155314731,52.4739413973408
901,Product Development,No,,3,3,57.996890847276745,33.34039533735738,77.00192764882956
902,Product Development,Yes,Poor Management,1,3,65.61501250365305,52.66537930827897,61.28016592416176
903,Product Development,No,,3,2,94.23682226722508,40.286673067858615,51.7536443609614
904,Customer Service,Yes,Workload,3,2,61.55593805749744,30.25868623935841,33.81765495907644
905,Customer Service,No,,1,1,67.51405550296802,48.690943115250626,70.37587057761567
906,HR,No,,5,3,66.67895011578388,39.18171932869146,54.275151937855725
907,HR,No,,4,5,75.51830915737774,54.63099137923965,68.42732169210926
908,Product Development,No,,2,1,63.450302840718535,54.38268647266829,62.93690336850415
909,Product Development,No,,2,2,72.65287012222383,55.4408628218318,41.65703967275948
910,Product Development,Yes,Workload,1,3,63.78524658022564,24.417194727058927,41.5632199767255
911,Customer Service,No,,4,2,89.71766049297598,50.454091263798816,56.45855312713922
912,Product Development,No,,4,3,59.705835633490096,48.785975999319405,53.24210010748672
913,Customer Service,No,,4,4,84.66467267182654,37.78355720222204,61.16168284885385
914,Customer Service,No,,1,1,61.22296215514501,28.62569237463549,64.01381446151319
915,Customer Service,No,,1,1,57.19380508178887,48.91315078862574,77.8935993750708
916,Customer Service,No,,2,3,59.48810880265117,60.64116053756205,64.72213476876468
917,Product Development,No,,3,3,44.32846409447869,24.182423974247264,74.91101065719876
918,Finance,No,,2,3,76.5789766957646,41.674791270960036,55.23183214458705
919,Sales,No,,5,2,52.54035835715344,51.31535112986163,71.65213413513675
920,Product Development,No,,1,1,64.6312070861109,61.24919994193631,56.188019095100714
921,HR,No,,4,3,81.42432396398145,46.87628485818682,50.829831985243786
922,Customer Service,Yes,Poor Management,1,5,80.94029019616951,69.31002948030783,39.79670402264885
923,HR,No,,4,0,48.52511626004102,32.04693460719783,33.58044741456532
924,Sales,No,,5,8,74.65815369896406,29.83062078361052,68.54082622940159
925,Customer Service,No,,5,4,87.10740973462384,60.17715049723689,47.09804963659991
926,Product Development,Yes,Lack of Growth,1,1,60.44735634715204,26.503757479732293,65.24206011576459
927,Product Development,No,,4,6,77.70359992002744,54.615323363006496,58.25779497679459
928,Customer Service,No,,5,0,52.85080591308191,47.05467561506188,44.451352518652406
929,Customer Service,No,,2,7,75.78485429855485,40.98999397560002,48.822698369595244
930,Product Development,Yes,Workload,1,1,71.96907041994487,45.73332791531128,54.2190747284954
931,Product Development,No,,4,3,79.91720433738179,37.10928106370561,41.200425274561155
932,HR,No,,1,1,78.98719130333058,46.81665944583724,65.89945006954363
933,Finance,No,,5,1,49.69774585673271,50.17419334354858,44.83667711940549
934,Customer Service,No,,1,2,72.04829861116289,45.83778023553863,52.61023668135476
935,Product Development,No,,2,8,91.79370466410808,44.150637178187296,61.9872033537489
936,Product Development,No,,5,2,37.22036767326355,52.54136995040549,64.67610690173198
937,Product Development,No,,1,6,84.50389170793099,66.5957179579483,67.97719796260937
938,Finance,No,,3,3,94.02557649443631,47.337965980176044,46.93453986486913
939,Product Development,No,,4,3,47.73046719272797,58.199905050042176,56.91547206987825
940,Customer Service,Yes,Low Salary,3,5,59.93951393278782,40.338230019946565,59.409396259895
941,Product Development,Yes,Low Salary,2,8,77.76614982925798,36.65918699175127,50.57128872599413
942,Customer Service,No,,2,3,56.70812326279539,54.53315387314024,62.94274451204463
943,Customer Service,No,,5,2,90.46868775468045,47.6646545641665,61.624392584440685
944,HR,No,,4,2,85.88344398634106,61.29497341643083,73.01237151291159
945,Product Development,No,,3,3,49.22555140685323,63.254235156937604,55.34090805824379
946,Product Development,No,,3,6,58.85412850103481,58.390848424274864,46.100510712969644
947,Product Development,No,,2,3,81.54755232752532,58.17358330400184,50.32128109864101
948,Finance,Yes,Workload,1,4,80.95989104120991,15.746369144070258,51.70228948348188
949,HR,No,,1,4,103.27660052954558,54.44522499567029,44.30459253669943
950,Customer Service,No,,4,3,56.801766918257776,58.628798294650046,54.55586014932528
951,Customer Service,Yes,Lack of Growth,1,4,91.88826759207987,37.28217397838257,48.07342407163578
952,Customer Service,No,,3,5,56.29129082854645,50.08772511589786,52.33407895356592
953,Product Development,No,,5,6,77.50481398683807,39.57271785657763,63.26853247753334
954,Finance,No,,5,3,83.38513662339227,60.27510594800878,67.24411762348285
955,Customer Service,No,,2,4,25.09149860700351,40.44001934923502,64.54908599952674
956,Product Development,No,,5,6,83.66809447124173,42.07137893063353,44.524950399477724
957,Customer Service,No,,5,2,90.76854536574079,45.359498339439845,60.79182187569627
958,Product Development,No,,5,8,86.43822630210613,72.49410221900274,61.574423068387496
959,Product Development,No,,3,3,100.80008215116516,60.04672270076196,56.190698817875074
960,Sales,No,,5,1,84.47765925258835,66.12603858913884,63.133110128563715
961,Product Development,Yes,Low Salary,4,4,61.94192347971229,31.86880144519759,56.13126591793135
962,Customer Service,No,,5,4,88.58516701622916,37.307052538274334,59.09124763137033
963,Product Development,No,,1,1,61.09050579166877,63.38579643717697,49.9572832198668
964,Product Development,No,,3,1,71.23626887418968,32.39838851773326,59.73379047699868
965,Product Development,No,,2,5,82.47674910101854,43.28315829150334,78.66930927674413
966,Product Development,No,,1,4,76.72121236220065,70.55341340627857,56.07692970984307
967,Sales,No,,4,3,90.26697987775245,40.365352696953096,70.47305458176007
968,Product Development,No,,3,2,107.33012043758153,31.79002547284775,60.38857020567621
969,Customer Service,No,,3,1,52.939540870729004,50.474745043763285,51.99271024663641
970,Customer Service,Yes,Workload,3,5,65.07495821785469,32.20257025838757,44.501437631848006
971,Customer Service,Yes,Workload,3,5,74.74567543843465,62.37250072972916,47.223351171385005
972,Finance,No,,4,2,63.052135850398884,41.05141250510306,66.55211466278905
973,Sales,No,,2,4,68.86440597253151,39.0476097108808,83.80045448819328
974,Product Development,No,,5,6,81.63729409412602,50.29382352664002,60.546646060142734
975,Product Development,No,,3,2,79.6436249705015,45.95562147524544,47.691407687084435
976,Product Development,No,,5,4,73.70999095458825,52.5234919368082,43.45422598721816
977,Customer Service,No,,5,3,72.21595754896346,55.215044494027005,55.78215430671734
978,Product Development,No,,4,4,66.64194798259575,47.82712256523106,48.71912100016713
979,Customer Service,No,,2,5,91.06784259171577,38.385513900139685,65.57906297539263
980,Customer Service,No,,1,0,94.95083254889497,57.30508285064765,65.65255723506415
981,Product Development,No,,2,4,85.28221005412706,43.06590181897672,58.54024567692313
982,Sales,No,,5,1,52.75935118201068,41.30911025494298,66.57386437899603
983,Product Development,No,,2,1,66.06684354948293,51.426606151560506,60.64759347769202
984,Product Development,No,,4,3,72.99498939659327,30.713375807443285,78.67573795368357
985,Sales,Yes,Workload,1,2,55.88958208116648,53.90876033147053,60.66198298124578
986,Customer Service,Yes,Personal Reasons,3,1,71.18625557093392,51.957620038841895,63.76832750061088
987,Customer Service,No,,1,2,70.33332688801364,61.2181964027302,45.518725891797615
988,Customer Service,No,,5,2,86.26207261880846,44.99607860415607,48.28764552770762
989,Product Development,No,,1,4,62.52564340482053,63.24831532022267,64.78838426104473
990,HR,No,,1,5,87.44954332410543,55.29642900501876,44.5077649179367
991,Sales,No,,1,3,55.6394794574592,49.73210825556761,53.75524157124898
992,Customer Service,Yes,Lack of Growth,1,3,57.73241203507969,68.16695925506038,57.054772071001935
993,Product Development,No,,2,1,64.30956538402019,50.95212730846784,53.54144200294538
994,Customer Service,Yes,Workload,4,0,70.71807829997212,44.81632672372349,40.96884634214065
995,Product Development,No,,1,3,33.752313978961034,51.23839993071491,66.67543311305815
996,Product Development,No,,3,7,76.88946348116409,44.61030832886017,80.73532246040845
997,Finance,No,,5,1,95.64013797618627,53.73646680594694,51.91354843137462
998,Product Development,Yes,Workload,1,8,79.7690435196603,63.206872819975054,59.01886589042734
999,Finance,Yes,Low Salary,1,4,66.83995109792257,49.91995967510741,40.049743803901634
1000,Customer Service,No,,2,5,53.73113376595611,50.90139660073328,58.875322188929864
